time_v,obdTestState,obdEngineState,obdRpm,obdEngineLoad,obdAirFlowRate,obdManifoldPressure,obdCommandedEGR,obdThrottle,obdAccPosD,obdSpeed,obdControlModuleVoltage,obdFuelCommonRailPressure,obdIntakeTemperature,obdCoolantTemperature,obdBarometricPressure,obdDistanceWithMil,obdDistanceSinceErrorCleared,obdEGRError,obdActualEquivalenceRatio,obdCommandEquivalenceRatio,obdFuelSystemStatus,obdShortTermFuelTrim1,obdCatalystTemperature
1.70143E+12,1,0,1627,,,70,,10,,,,,,,,,,,,,,,
1.70143E+12,1,0,1629,,,69,,10,,,,,,,,,,,,,,,
1.70143E+12,1,0,1615,,,69,,10,,,,,,,,,,,,,,,
1.70143E+12,1,0,1651,,,69,,10,,,,,,,,,,,,,,,
1.70143E+12,1,0,1570,,,70,,10,,,,,,,,,,,,,,,
1.70143E+12,1,0,1570,,,69,,10,,,,,,,,,,,,,,,
1.70143E+12,1,0,1656,,,70,,10,,,,,,,,,,,,,,,
1.70143E+12,1,0,1566,,,70,,10,,,,,,,,,,,,,,,
1.70143E+12,1,0,1632,,,70,,10,,,,,,,,,,,,,,,
1.70143E+12,1,0,1612,,,70,,10,,,,,,,,,,,,,,,
1.70143E+12,1,0,1621,,,70,,10,,,,,,,,,,,,,,,
1.70143E+12,1,0,1544,,,72,,10,,,,,,,,,,,,,,,
1.70143E+12,1,0,1610,,,70,,10,,,,,,,,,,,,,,,
1.70143E+12,1,0,NODATA,,,,,,,,,,,,,,,,,,,,
1.70143E+12,1,0,NODATA,,,,,,,,,,,,,,,,,,,,
1.70143E+12,1,0,NODATA,,,,,10,,,,,,,,,,,,,,,
1.70143E+12,1,0,0,,,90,,10,,,,,,,,,,,,,,,
1.70143E+12,1,0,0,,,90,,10,,,,,,,,,,,,,,,
1.70143E+12,1,0,0,,,90,,10,,,,,,,,,,,,,,,
1.70143E+12,1,0,0,,,90,,10,,,,,,,,,,,,,,,
1.70143E+12,1,0,0,,,90,,10,,,,,,,,,,,,,,,
1.70143E+12,1,0,0,,,90,,10,,,,,,,,,,,,,,,
1.70143E+12,1,0,0,,,90,,10,,,,,,,,,,,,,,,
1.70143E+12,1,0,0,,,90,,10,,,,,,,,,,,,,,,
1.70143E+12,1,0,0,,,90,,10,,,,,,,,,,,,,,,
1.70143E+12,1,0,0,,,90,,10,,,,,,,,,,,,,,,
1.70143E+12,1,0,0,,,90,,10,,,,,,,,,,,,,,,
1.70143E+12,1,0,0,,,90,,10,,,,,,,,,,,,,,,
1.70143E+12,1,0,0,,,90,,10,,,,,,,,,,,,,,,
1.70143E+12,1,0,0,,,90,,10,,,,,,,,,,,,,,,
1.70143E+12,1,0,0,,,90,,10,,,,,,,,,,,,,,,
1.70143E+12,1,0,0,,,90,,10,,,,,,,,,,,,,,,
1.70143E+12,1,0,0,,,90,,10,,,,,,,,,,,,,,,
1.70143E+12,1,0,0,,,90,,10,,,,,,,,,,,,,,,
1.70143E+12,1,0,0,,,90,,10,,,,,,,,,,,,,,,
1.70143E+12,1,0,0,,,90,,10,,,,,,,,,,,,,,,
1.70143E+12,1,0,0,,,90,,10,,,,,,,,,,,,,,,
1.70143E+12,1,0,0,,,90,,10,,,,,,,,,,,,,,,
1.70143E+12,1,0,0,,,90,,10,,,,,,,,,,,,,,,
1.70143E+12,1,0,0,,,90,,10,,,,,,,,,,,,,,,
1.70143E+12,1,0,0,,,90,,10,,,,,,,,,,,,,,,
1.70143E+12,1,0,0,,,90,,10,,,,,,,,,,,,,,,
1.70143E+12,1,0,0,,,90,,10,,,,,,,,,,,,,,,
1.70143E+12,1,0,0,,,90,,10,,,,,,,,,,,,,,,
1.70143E+12,1,0,0,,,90,,10,,,,,,,,,,,,,,,
1.70143E+12,1,0,0,,,90,,10,,,,,,,,,,,,,,,
1.70143E+12,1,0,0,,,90,,10,,,,,,,,,,,,,,,
1.70143E+12,1,0,0,,,90,,10,,,,,,,,,,,,,,,
1.70143E+12,1,0,0,,,90,,10,,,,,,,,,,,,,,,
1.70143E+12,1,0,0,,,90,,10,,,,,,,,,,,,,,,
1.70143E+12,1,0,0,,,90,,10,,,,,,,,,,,,,,,
1.70143E+12,1,0,0,,,90,,10,,,,,,,,,,,,,,,
1.70143E+12,1,0,0,,,90,,10,,,,,,,,,,,,,,,
1.70143E+12,1,0,0,,,90,,10,,,,,,,,,,,,,,,
1.70143E+12,1,0,0,,,90,,10,,,,,,,,,,,,,,,
1.70143E+12,1,0,0,,,90,,10,,,,,,,,,,,,,,,
1.70143E+12,1,0,0,,,90,,10,,,,,,,,,,,,,,,
1.70143E+12,1,0,0,,,90,,10,,,,,,,,,,,,,,,
1.70143E+12,1,0,0,,,90,,10,,,,,,,,,,,,,,,
1.70143E+12,1,0,0,,,90,,10,,,,,,,,,,,,,,,
1.70143E+12,1,0,0,,,90,,10,,,,,,,,,,,,,,,
1.70143E+12,1,0,0,,,90,,10,,,,,,,,,,,,,,,
1.70143E+12,1,0,0,,,90,,10,,,,,,,,,,,,,,,
1.70143E+12,1,0,0,,,90,,10,,,,,,,,,,,,,,,
1.70143E+12,1,0,0,,,90,,10,,,,,,,,,,,,,,,
1.70143E+12,1,0,0,,,90,,10,,,,,,,,,,,,,,,
1.70143E+12,1,0,0,,,90,,10,,,,,,,,,,,,,,,
1.70143E+12,1,0,0,,,90,,10,,,,,,,,,,,,,,,
1.70143E+12,1,0,0,,,90,,10,,,,,,,,,,,,,,,
1.70143E+12,1,0,0,,,90,,10,,,,,,,,,,,,,,,
1.70143E+12,1,0,0,,,90,,10,,,,,,,,,,,,,,,
1.70143E+12,1,0,0,,,90,,10,,,,,,,,,,,,,,,
1.70143E+12,1,0,0,,,90,,10,,,,,,,,,,,,,,,
1.70143E+12,1,0,0,,,90,,10,,,,,,,,,,,,,,,
1.70143E+12,1,0,0,,,90,,10,,,,,,,,,,,,,,,
1.70143E+12,1,0,0,,,90,,10,,,,,,,,,,,,,,,
1.70143E+12,1,0,0,,,90,,10,,,,,,,,,,,,,,,
1.70143E+12,1,0,0,,,90,,10,,,,,,,,,,,,,,,
1.70143E+12,1,0,0,,,90,,10,,,,,,,,,,,,,,,
1.70143E+12,1,0,0,,,90,,10,,,,,,,,,,,,,,,
1.70143E+12,1,0,0,,,90,,10,,,,,,,,,,,,,,,
1.70143E+12,1,0,0,,,90,,10,,,,,,,,,,,,,,,
1.70143E+12,1,0,0,,,90,,10,,,,,,,,,,,,,,,
1.70143E+12,1,0,0,,,90,,10,,,,,,,,,,,,,,,
1.70143E+12,1,0,0,,,90,,10,,,,,,,,,,,,,,,
1.70143E+12,1,0,0,,,90,,10,,,,,,,,,,,,,,,
1.70143E+12,1,0,0,,,90,,10,,,,,,,,,,,,,,,
1.70143E+12,1,0,0,,,90,,10,,,,,,,,,,,,,,,
1.70143E+12,1,0,0,,,90,,10,,,,,,,,,,,,,,,
1.70143E+12,1,0,0,,,90,,10,,,,,,,,,,,,,,,
1.70143E+12,1,0,0,,,90,,10,,,,,,,,,,,,,,,
1.70143E+12,1,0,0,,,90,,10,,,,,,,,,,,,,,,
1.70143E+12,1,0,0,,,90,,10,,,,,,,,,,,,,,,
1.70143E+12,1,0,0,,,90,,10,,,,,,,,,,,,,,,
1.70143E+12,1,0,0,,,90,,10,,,,,,,,,,,,,,,
1.70143E+12,1,0,0,,,90,,10,,,,,,,,,,,,,,,
1.70143E+12,1,0,0,,,90,,10,,,,,,,,,,,,,,,
1.70143E+12,1,0,0,,,90,,10,,,,,,,,,,,,,,,
1.70143E+12,1,0,0,,,90,,10,,,,,,,,,,,,,,,
1.70143E+12,1,0,0,,,90,,10,,,,,,,,,,,,,,,
1.70143E+12,1,0,0,,,90,,10,,,,,,,,,,,,,,,
1.70143E+12,1,0,0,,,90,,10,,,,,,,,,,,,,,,
1.70143E+12,1,0,0,,,90,,10,,,,,,,,,,,,,,,
1.70143E+12,1,0,0,,,90,,10,,,,,,,,,,,,,,,
1.70143E+12,1,0,0,,,90,,10,,,,,,,,,,,,,,,
1.70143E+12,1,0,0,,,90,,10,,,,,,,,,,,,,,,
1.70143E+12,1,0,0,,,90,,10,,,,,,,,,,,,,,,
1.70143E+12,1,0,0,,,90,,10,,,,,,,,,,,,,,,
1.70143E+12,1,0,0,,,90,,10,,,,,,,,,,,,,,,
1.70143E+12,1,0,0,,,90,,10,,,,,,,,,,,,,,,
1.70143E+12,1,0,0,0,,90,,10,,0,12.3,NODATA,50,91,,,,,,,0,,
1.70143E+12,1,0,0,0,,90,,10,,0,12.3,NODATA,50,91,,,,,,,0,,
1.70143E+12,1,0,0,0,,90,,10,,0,12.3,NODATA,50,91,,,,,,,0,,
1.70143E+12,1,0,0,0,,90,,10,,0,12.3,NODATA,50,91,,,,,,,0,,
1.70143E+12,2,2,,,,,,,,,12.2,,,,,,,,,,,,
1.70143E+12,2,2,,,,,,,,,8.6,,,,,,,,,,,,
1.70143E+12,2,2,,,,90,,,,,,,,,,,,,,,,,
1.70143E+12,2,2,,,,123,,,,,,,,,,,,,,,,,
1.70143E+12,2,2,,,,84,,,,,,,,,,,,,,,,,
1.70143E+12,2,2,,,,79,,,,,,,,,,,,,,,,,
1.70143E+12,2,2,,,,53,,,,,,,,,,,,,,,,,
1.70143E+12,2,2,,,,54,,,,,,,,,,,,,,,,,
1.70143E+12,2,2,,,,68,,,,,,,,,,,,,,,,,
1.70143E+12,2,2,,,,69,,,,,,,,,,,,,,,,,
1.70143E+12,2,2,,,,70,,,,,,,,,,,,,,,,,
1.70143E+12,2,2,,,,70,,,,,,,,,,,,,,,,,
1.70143E+12,2,2,,,,70,,,,,,,,,,,,,,,,,
1.70143E+12,2,2,,,,71,,,,,,,,,,,,,,,,,
1.70143E+12,2,2,,,,71,,,,,,,,,,,,,,,,,
1.70143E+12,2,2,,,,71,,,,,,,,,,,,,,,,,
1.70143E+12,2,2,,,,72,,,,,,,,,,,,,,,,,
1.70143E+12,2,2,,,,71,,,,,,,,,,,,,,,,,
1.70143E+12,2,2,,,,72,,,,,,,,,,,,,,,,,
1.70143E+12,2,2,,,,71,,,,,,,,,,,,,,,,,
1.70143E+12,2,2,,,,71,,,,,,,,,,,,,,,,,
1.70143E+12,2,2,,,,71,,,,,,,,,,,,,,,,,
1.70143E+12,2,2,,,,72,,,,,,,,,,,,,,,,,
1.70143E+12,2,2,,,,70,,,,,,,,,,,,,,,,,
1.70143E+12,2,2,,,,72,,,,,,,,,,,,,,,,,
1.70143E+12,2,2,,,,72,,,,,,,,,,,,,,,,,
1.70143E+12,2,2,,,,72,,,,,,,,,,,,,,,,,
1.70143E+12,2,2,,,,72,,,,,,,,,,,,,,,,,
1.70143E+12,2,2,,,,72,,,,,,,,,,,,,,,,,
1.70143E+12,2,2,,,,72,,,,,,,,,,,,,,,,,
1.70143E+12,2,2,,,,71,,,,,,,,,,,,,,,,,
1.70143E+12,2,2,,,,71,,,,,,,,,,,,,,,,,
1.70143E+12,2,2,,,,71,,,,,,,,,,,,,,,,,
1.70143E+12,2,2,,,,71,,,,,,,,,,,,,,,,,
1.70143E+12,2,2,,,,70,,,,,,,,,,,,,,,,,
1.70143E+12,2,2,,,,72,,,,,,,,,,,,,,,,,
1.70143E+12,2,2,,,,70,,,,,,,,,,,,,,,,,
1.70143E+12,2,2,,,,72,,,,,,,,,,,,,,,,,
1.70143E+12,3,2,1641,40,,71,,10,,0,14.2,,54,90,,,,,,,,,
1.70143E+12,3,2,1661,40,,72,,10,,0,14.2,,54,90,,,,,,,,,
1.70143E+12,3,2,1603,40,,70,,10,,0,14.3,,54,90,,,,,,,,,
1.70143E+12,3,2,1638,39,,70,,10,,0,14.1,,54,90,,,,,,,,,
1.70143E+12,3,2,1602,41,,70,,10,,0,14.3,,54,90,,,,,,,,,
1.70143E+12,3,2,1601,40,,71,,10,,0,14.1,,54,90,,,,,,,,,
1.70143E+12,3,2,1660,40,,71,,10,,0,13.9,,54,90,,,,,,,,,
1.70143E+12,3,2,2370,40,,71,,14,,5,14.4,,54,90,,,,,,,,,
1.70143E+12,3,2,3106,38,,66,,15,,11,14.4,,54,90,,,,,,,,,
1.70143E+12,3,2,3626,34,,67,,16,,13,14.4,,54,90,,,,,,,,,
1.70143E+12,3,2,4265,35,,64,,16,,16,14.4,,54,90,,,,,,,,,
1.70143E+12,3,2,4348,14,,41,,10,,14,14.4,,54,90,,,,,,,,,
1.70143E+12,3,2,2272,45,,74,,15,,9,14.8,,54,91,,,,,,,,,
1.70143E+12,3,2,2927,38,,66,,16,,12,14.8,,54,91,,,,,,,,,
1.70143E+12,3,2,3944,35,,63,,16,,14,14.8,,54,91,,,,,,,,,
1.70143E+12,3,2,4433,39,,66,,18,,18,14.8,,54,91,,,,,,,,,
1.70143E+12,3,2,5059,14,,35,,10,,18,14.8,,54,91,,,,,,,,,
1.70143E+12,3,2,3139,18,,50,,11,,18,14.8,,54,91,,,,,,,,,
1.70143E+12,3,2,2446,41,,69,,14,,15,14,,55,91,,,,,,,,,
1.70143E+12,3,2,3284,36,,65,,15,,19,14,,55,91,,,,,,,,,
1.70143E+12,3,2,3570,35,,64,,15,,21,14,,55,91,,,,,,,,,
1.70143E+12,3,2,3605,36,,66,,16,,21,14,,55,91,,,,,,,,,
1.70143E+12,3,2,3955,35,,63,,16,,24,14,,55,91,,,,,,,,,
1.70143E+12,3,2,4326,34,,63,,16,,27,14,,55,91,,,,,,,,,
1.70143E+12,3,2,4525,14,,34,,10,,27,14,,55,91,,,,,,,,,
1.70143E+12,3,2,3929,14,,49,,10,,18,14,,55,91,,,,,,,,,
1.70143E+12,3,2,2713,38,,67,,14,,16,14.8,,55,91,,,,,,,,,
1.70143E+12,3,2,2890,42,,70,,16,,18,14.8,,55,91,,,,,,,,,
1.70143E+12,3,2,3787,38,,68,,17,,24,14.8,,55,91,,,,,,,,,
1.70143E+12,3,2,4480,36,,67,,17,,27,14.8,,55,91,,,,,,,,,
1.70143E+12,3,2,4836,35,,64,,16,,28,14.8,,55,91,,,,,,,,,
1.70143E+12,3,2,4945,24,,41,,12,,27,14.8,,55,91,,,,,,,,,
1.70143E+12,3,2,3598,18,,71,,14,,18,14.8,,55,91,,,,,,,,,
1.70143E+12,3,2,3633,39,,72,,17,,22,14.8,,55,91,,,,,,,,,
1.70143E+12,3,2,4316,40,,69,,19,,28,14.8,,55,91,,,,,,,,,
1.70143E+12,3,2,5438,39,,56,,18,,33,14.8,,55,91,,,,,,,,,
1.70143E+12,3,2,5333,15,,35,,10,,30,14.8,,55,91,,,,,,,,,
1.70143E+12,3,2,3261,39,,67,,15,,19,14.8,,55,91,,,,,,,,,
1.70143E+12,3,2,3366,37,,69,,16,,20,14.8,,55,91,,,,,,,,,
1.70143E+12,3,2,3668,38,,69,,18,,27,14.8,,55,91,,,,,,,,,
1.70143E+12,3,2,4553,39,,71,,19,,28,14.8,,55,91,,,,,,,,,
1.70143E+12,3,2,5652,39,,66,,19,,36,14.8,,55,91,,,,,,,,,
1.70143E+12,3,2,6087,14,,34,,10,,33,14.8,,55,91,,,,,,,,,
1.70143E+12,3,2,3974,14,,41,,10,,22,14.8,,55,91,,,,,,,,,
1.70143E+12,3,2,2775,32,,63,,12,,15,14.7,,55,91,,,,,,,,,
1.70143E+12,3,2,2019,34,,71,,10,,10,14.6,,55,91,,,,,,,,,
1.70143E+12,3,2,1721,55,,77,,19,,15,14.7,,55,92,,,,,,,,,
1.70143E+12,3,2,3987,40,,70,,18,,24,14.7,,55,92,,,,,,,,,
1.70143E+12,3,2,4579,38,,67,,18,,28,14.7,,55,92,,,,,,,,,
1.70143E+12,3,2,5070,38,,65,,18,,30,14.7,,55,92,,,,,,,,,
1.70143E+12,3,2,5464,13,,33,,10,,32,14.7,,55,92,,,,,,,,,
1.70143E+12,3,2,4601,14,,35,,10,,27,14.7,,55,92,,,,,,,,,
1.70143E+12,3,2,2494,25,,61,,10,,25,14.4,,55,92,,,,,,,,,
1.70143E+12,3,2,1713,40,,71,,10,,23,14.3,,55,92,,,,,,,,,
1.70143E+12,3,2,1640,40,,71,,10,,21,14.5,,55,92,,,,,,,,,
1.70143E+12,3,2,1652,40,,71,,10,,3,14.3,,55,92,,,,,,,,,
1.70143E+12,3,2,1621,41,,70,,10,,0,14.2,,55,92,,,,,,,,,
1.70143E+12,3,2,1621,41,,70,,10,,0,14.1,,55,92,,,,,,,,,
1.70143E+12,3,2,1636,40,,69,,10,,0,14.2,,55,92,,,,,,,,,
1.70143E+12,3,2,1550,41,,71,,10,,0,14.4,,55,92,,,,,,,,,
1.70143E+12,3,2,1628,40,,69,,10,,0,14.4,,55,92,,,,,,,,,
1.70143E+12,3,2,1600,41,,71,,10,,0,14.3,,55,92,,,,,,,,,
1.70143E+12,3,2,1612,41,,72,,10,,0,14,,55,92,,,,,,,,,
1.70143E+12,3,2,1674,40,,70,,10,,0,14.2,,55,92,,,,,,,,,
1.70143E+12,3,2,1657,40,,69,,10,,0,14.4,,55,92,,,,,,,,,
1.70143E+12,3,2,1623,41,,71,,10,,0,14.3,,55,92,,,,,,,,,
1.70143E+12,3,2,1624,40,,69,,10,,0,14.3,,55,92,,,,,,,,,
1.70143E+12,3,2,1644,40,,69,,10,,0,14.3,,55,92,,,,,,,,,
1.70143E+12,3,2,1632,40,,69,,10,,0,14.3,,55,92,,,,,,,,,
1.70143E+12,3,2,1597,41,,70,,10,,0,14.3,,55,92,,,,,,,,,
1.70143E+12,3,2,1545,41,,71,,10,,0,14.2,,55,92,,,,,,,,,
1.70143E+12,3,2,1579,41,,69,,10,,0,14.1,,55,92,,,,,,,,,
1.70143E+12,3,2,1600,40,,68,,10,,0,14.4,,55,92,,,,,,,,,
1.70143E+12,3,2,1586,40,,69,,10,,0,14.3,,55,92,,,,,,,,,
1.70143E+12,3,2,1590,40,,69,,10,,0,14.4,,55,92,,,,,,,,,
1.70143E+12,3,2,1680,40,,69,,10,,0,14.3,,55,92,,,,,,,,,
1.70143E+12,3,2,1680,39,,68,,10,,0,14.3,,55,92,,,,,,,,,
1.70143E+12,3,2,1548,41,,69,,10,,0,14.4,,55,92,,,,,,,,,
1.70143E+12,4,2,1608,,,70,,0,,,,NODATA,,93,,,,,,,,2.34375,0
1.70143E+12,4,2,1597,,,69,,0,,,,NODATA,,93,,,,,,,,1.5625,0
1.70143E+12,4,2,1674,,,69,,0,,,,NODATA,,93,,,,,,,,0,0
1.70143E+12,4,2,1567,,,80,,0,,,,NODATA,,93,,,,,,,,0,0
1.70143E+12,4,2,3287,,,53,,0,,,,NODATA,,93,,,,,,,,0,0
1.70143E+12,4,2,1675,,,69,,0,,,,NODATA,,93,,,,,,,,0,0
1.70143E+12,4,2,1568,,,69,,0,,,,NODATA,,93,,,,,,,,0.78125,0
1.70143E+12,4,2,1604,,,69,,0,,,,NODATA,,93,,,,,,,,1.5625,0
1.70143E+12,4,2,1566,,,70,,0,,,,NODATA,,93,,,,,,,,2.34375,0
1.70143E+12,4,2,1630,,,68,,0,,,,NODATA,,93,,,,,,,,3.125,0
1.70143E+12,4,2,1604,,,69,,0,,,,NODATA,,93,,,,,,,,1.5625,0
1.70143E+12,4,2,1585,,,71,,0,,,,NODATA,,93,,,,,,,,3.125,0
1.70143E+12,4,2,1616,,,69,,0,,,,NODATA,,93,,,,,,,,3.90625,0
1.70143E+12,4,2,1656,,,69,,0,,,,NODATA,,93,,,,,,,,2.34375,0
1.70143E+12,4,2,1547,,,69,,0,,,,NODATA,,93,,,,,,,,1.5625,0
1.70143E+12,4,2,1646,,,70,,0,,,,NODATA,,93,,,,,,,,3.90625,0
1.70143E+12,4,2,1564,,,69,,0,,,,NODATA,,93,,,,,,,,3.125,0
1.70143E+12,4,2,1574,,,70,,0,,,,NODATA,,93,,,,,,,,3.90625,0
1.70143E+12,4,2,1640,,,71,,0,,,,NODATA,,93,,,,,,,,4.6875,0
1.70143E+12,4,2,1650,,,69,,0,,,,NODATA,,93,,,,,,,,2.34375,0
1.70143E+12,4,2,1592,,,69,,0,,,,NODATA,,93,,,,,,,,1.5625,0
1.70143E+12,4,2,1601,,,69,,0,,,,NODATA,,93,,,,,,,,3.125,0
1.70143E+12,4,2,1604,,,69,,0,,,,NODATA,,93,,,,,,,,1.5625,0
1.70143E+12,4,2,1509,,,69,,0,,,,NODATA,,93,,,,,,,,3.90625,0
1.70143E+12,4,2,1633,,,69,,0,,,,NODATA,,94,,,,,,,,2.34375,0
1.70143E+12,4,2,1609,,,69,,0,,,,NODATA,,94,,,,,,,,1.5625,0
1.70143E+12,4,2,1560,,,71,,0,,,,NODATA,,94,,,,,,,,2.34375,0
1.70143E+12,4,2,1674,,,70,,0,,,,NODATA,,94,,,,,,,,3.125,0
1.70143E+12,4,2,1631,,,69,,0,,,,NODATA,,94,,,,,,,,2.34375,0
1.70143E+12,4,2,1677,,,68,,0,,,,NODATA,,94,,,,,,,,1.5625,0
1.70143E+12,4,2,1605,,,70,,0,,,,NODATA,,94,,,,,,,,2.34375,0
1.70143E+12,4,2,1621,,,69,,0,,,,NODATA,,94,,,,,,,,3.125,0
1.70143E+12,4,2,1602,,,69,,0,,,,NODATA,,94,,,,,,,,0,0
1.70143E+12,4,2,1616,,,68,,0,,,,NODATA,,94,,,,,,,,2.34375,0
1.70143E+12,4,2,1598,,,69,,0,,,,NODATA,,94,,,,,,,,3.90625,0
1.70143E+12,4,2,1670,,,70,,0,,,,NODATA,,94,,,,,,,,1.5625,0
1.70143E+12,4,2,1588,,,70,,0,,,,NODATA,,94,,,,,,,,0.78125,0
1.70143E+12,4,2,1613,,,68,,0,,,,NODATA,,94,,,,,,,,2.34375,0
1.70143E+12,4,2,1630,,,69,,0,,,,NODATA,,94,,,,,,,,0,0
1.70143E+12,4,2,1579,,,69,,0,,,,NODATA,,94,,,,,,,,1.5625,0
1.70143E+12,4,2,1638,,,68,,0,,,,NODATA,,94,,,,,,,,0,0
1.70143E+12,4,2,1658,,,67,,0,,,,NODATA,,94,,,,,,,,-0.78125,0
1.70143E+12,4,2,1476,,,69,,0,,,,NODATA,,94,,,,,,,,0.78125,0
1.70143E+12,4,2,1633,,,68,,0,,,,NODATA,,94,,,,,,,,2.34375,0
1.70143E+12,4,2,1641,,,69,,0,,,,NODATA,,94,,,,,,,,0,0
1.70143E+12,4,2,1666,,,69,,0,,,,NODATA,,94,,,,,,,,1.5625,0
1.70143E+12,4,2,1631,,,68,,0,,,,NODATA,,94,,,,,,,,0,0
1.70143E+12,4,2,1552,,,68,,0,,,,NODATA,,94,,,,,,,,1.5625,0
1.70143E+12,4,2,1566,,,70,,0,,,,NODATA,,94,,,,,,,,2.34375,0
1.70143E+12,4,2,1656,,,68,,0,,,,NODATA,,94,,,,,,,,0.78125,0
1.70143E+12,4,2,1618,,,69,,0,,,,NODATA,,94,,,,,,,,2.34375,0
1.70143E+12,4,2,1597,,,68,,0,,,,NODATA,,94,,,,,,,,0.78125,0
1.70143E+12,4,2,1610,,,69,,0,,,,NODATA,,94,,,,,,,,0.78125,0
1.70143E+12,5,2,1626,38,,,,,,,,,,,,,,,,,,,
1.70143E+12,5,2,1626,38,,,,,,,,,,,,,,,,,,,
1.70143E+12,5,2,1601,39,,,,,,,,,,,,,,,,,,,
1.70143E+12,5,2,1601,39,,,,,,,,,,,,,,,,,,,
1.70143E+12,5,2,1570,40,,,,,,,,,,,,,,,,,,,
1.70143E+12,5,2,1570,40,,,,,,,,,,,,,,,,,,,
1.70143E+12,5,2,1556,40,,,,,,,,,,,,,,,,,,,
1.70143E+12,5,2,1601,38,,,,,,,,,,,,,,,,,,,
1.70143E+12,5,2,1662,37,,,,,,,,,,,,,,,,,,,
1.70143E+12,5,2,1682,38,,,,,,,,,,,,,,,,,,,
1.70143E+12,5,2,1682,38,,,,,,,,,,,,,,,,,,,
1.70143E+12,5,2,1624,41,,,,,,,,,,,,,,,,,,,
1.70143E+12,5,2,1525,40,,,,,,,,,,,,,,,,,,,
1.70143E+12,5,2,1627,39,,,,,,,,,,,,,,,,,,,
1.70143E+12,5,2,1646,38,,,,,,,,,,,,,,,,,,,
1.70143E+12,5,2,1615,39,,,,,,,,,,,,,,,,,,,
1.70143E+12,5,2,1581,39,,,,,,,,,,,,,,,,,,,
1.70143E+12,5,2,1594,38,,,,,,,,,,,,,,,,,,,
1.70143E+12,5,2,1594,38,,,,,,,,,,,,,,,,,,,
1.70143E+12,5,2,1666,40,,,,,,,,,,,,,,,,,,,
1.70143E+12,5,2,1589,40,,,,,,,,,,,,,,,,,,,
1.70143E+12,5,2,1570,40,,,,,,,,,,,,,,,,,,,
1.70143E+12,5,2,1618,39,,,,,,,,,,,,,,,,,,,
1.70143E+12,5,2,1618,39,,,,,,,,,,,,,,,,,,,
1.70143E+12,5,2,1570,40,,,,,,,,,,,,,,,,,,,
1.70143E+12,5,2,1570,39,,,,,,,,,,,,,,,,,,,
1.70143E+12,5,2,1631,39,,,,,,,,,,,,,,,,,,,
1.70143E+12,5,2,1631,40,,,,,,,,,,,,,,,,,,,
1.70143E+12,5,2,1551,40,,,,,,,,,,,,,,,,,,,
1.70143E+12,5,2,1625,40,,,,,,,,,,,,,,,,,,,
1.70143E+12,5,2,1580,39,,,,,,,,,,,,,,,,,,,
1.70143E+12,5,2,1580,38,,,,,,,,,,,,,,,,,,,
1.70143E+12,5,2,1652,38,,,,,,,,,,,,,,,,,,,
1.70143E+12,5,2,1652,38,,,,,,,,,,,,,,,,,,,
1.70143E+12,5,2,1649,38,,,,,,,,,,,,,,,,,,,
1.70143E+12,5,2,1614,39,,,,,,,,,,,,,,,,,,,
1.70143E+12,5,2,1632,38,,,,,,,,,,,,,,,,,,,
1.70143E+12,5,2,1632,38,,,,,,,,,,,,,,,,,,,
1.70143E+12,5,2,1637,38,,,,,,,,,,,,,,,,,,,
1.70143E+12,5,2,1637,39,,,,,,,,,,,,,,,,,,,
1.70143E+12,5,2,1544,39,,,,,,,,,,,,,,,,,,,
1.70143E+12,5,2,1590,39,,,,,,,,,,,,,,,,,,,
1.70143E+12,5,2,1593,41,,,,,,,,,,,,,,,,,,,
1.70143E+12,5,2,1593,40,,,,,,,,,,,,,,,,,,,
1.70143E+12,5,2,1545,40,,,,,,,,,,,,,,,,,,,
1.70143E+12,5,2,1645,39,,,,,,,,,,,,,,,,,,,
1.70143E+12,5,2,1603,40,,,,,,,,,,,,,,,,,,,
1.70143E+12,5,2,1603,39,,,,,,,,,,,,,,,,,,,
1.70143E+12,5,2,1645,38,,,,,,,,,,,,,,,,,,,
1.70143E+12,5,2,1645,38,,,,,,,,,,,,,,,,,,,
1.70143E+12,5,2,1650,39,,,,,,,,,,,,,,,,,,,
1.70143E+12,5,2,1619,40,,,,,,,,,,,,,,,,,,,
1.70143E+12,5,2,1619,39,,,,,,,,,,,,,,,,,,,
1.70143E+12,5,2,1584,38,,,,,,,,,,,,,,,,,,,
1.70143E+12,5,2,1646,38,,,,,,,,,,,,,,,,,,,
1.70143E+12,5,2,1646,38,,,,,,,,,,,,,,,,,,,
1.70143E+12,5,2,1628,41,,,,,,,,,,,,,,,,,,,
1.70143E+12,5,2,1510,40,,,,,,,,,,,,,,,,,,,
1.70143E+12,5,2,1666,38,,,,,,,,,,,,,,,,,,,
1.70143E+12,5,2,1666,38,,,,,,,,,,,,,,,,,,,
1.70143E+12,5,2,1641,39,,,,,,,,,,,,,,,,,,,
1.70143E+12,5,2,1641,38,,,,,,,,,,,,,,,,,,,
1.70143E+12,5,2,1643,39,,,,,,,,,,,,,,,,,,,
1.70143E+12,5,2,1597,40,,,,,,,,,,,,,,,,,,,
1.70143E+12,5,2,1597,38,,,,,,,,,,,,,,,,,,,
1.70143E+12,5,2,1636,38,,,,,,,,,,,,,,,,,,,
1.70143E+12,5,2,1636,39,,,,,,,,,,,,,,,,,,,
1.70143E+12,5,2,1623,40,,,,,,,,,,,,,,,,,,,
1.70143E+12,5,2,1621,40,,,,,,,,,,,,,,,,,,,
1.70143E+12,5,2,1568,39,,,,,,,,,,,,,,,,,,,
1.70143E+12,5,2,1596,39,,,,,,,,,,,,,,,,,,,
1.70143E+12,5,2,1596,38,,,,,,,,,,,,,,,,,,,
1.70143E+12,5,2,1637,38,,,,,,,,,,,,,,,,,,,
1.70143E+12,5,2,1637,38,,,,,,,,,,,,,,,,,,,
1.70143E+12,5,2,1651,39,,,,,,,,,,,,,,,,,,,
1.70143E+12,5,2,1651,39,,,,,,,,,,,,,,,,,,,
1.70143E+12,5,2,1616,40,,,,,,,,,,,,,,,,,,,
1.70143E+12,5,2,1543,39,,,,,,,,,,,,,,,,,,,
1.70143E+12,5,2,1600,40,,,,,,,,,,,,,,,,,,,
1.70143E+12,5,2,1629,39,,,,,,,,,,,,,,,,,,,
1.70143E+12,5,2,1629,40,,,,,,,,,,,,,,,,,,,
1.70143E+12,5,2,1604,40,,,,,,,,,,,,,,,,,,,
1.70143E+12,5,2,1604,38,,,,,,,,,,,,,,,,,,,
1.70143E+12,5,2,1642,38,,,,,,,,,,,,,,,,,,,
1.70143E+12,5,2,1642,39,,,,,,,,,,,,,,,,,,,
1.70143E+12,5,2,1602,39,,,,,,,,,,,,,,,,,,,
1.70143E+12,5,2,1556,38,,,,,,,,,,,,,,,,,,,
1.70143E+12,5,2,1661,38,,,,,,,,,,,,,,,,,,,
1.70143E+12,5,2,1661,39,,,,,,,,,,,,,,,,,,,
1.70143E+12,5,2,1583,38,,,,,,,,,,,,,,,,,,,
1.70143E+12,5,2,1592,39,,,,,,,,,,,,,,,,,,,
1.70143E+12,5,2,1592,40,,,,,,,,,,,,,,,,,,,
1.70143E+12,5,2,1548,39,,,,,,,,,,,,,,,,,,,
1.70143E+12,5,2,1633,38,,,,,,,,,,,,,,,,,,,
1.70143E+12,5,2,1614,38,,,,,,,,,,,,,,,,,,,
1.70143E+12,5,2,1614,40,,,,,,,,,,,,,,,,,,,
1.70143E+12,5,2,1583,38,,,,,,,,,,,,,,,,,,,
1.70143E+12,5,2,1636,38,,,,,,,,,,,,,,,,,,,
1.70143E+12,5,2,1636,39,,,,,,,,,,,,,,,,,,,
1.70143E+12,5,2,1569,39,,,,,,,,,,,,,,,,,,,
1.70143E+12,5,2,1558,38,,,,,,,,,,,,,,,,,,,
1.70143E+12,5,2,1627,39,,,,,,,,,,,,,,,,,,,
1.70143E+12,5,2,1558,38,,,,,,,,,,,,,,,,,,,
1.70143E+12,5,2,1628,38,,,,,,,,,,,,,,,,,,,
1.70143E+12,5,2,1628,38,,,,,,,,,,,,,,,,,,,
1.70143E+12,5,2,1595,38,,,,,,,,,,,,,,,,,,,
1.70143E+12,5,2,1668,38,,,,,,,,,,,,,,,,,,,
1.70143E+12,5,2,1668,39,,,,,,,,,,,,,,,,,,,
1.70143E+12,5,2,1598,38,,,,,,,,,,,,,,,,,,,
1.70143E+12,5,2,1644,40,,,,,,,,,,,,,,,,,,,
1.70143E+12,5,2,1610,39,,,,,,,,,,,,,,,,,,,
1.70143E+12,5,2,1610,39,,,,,,,,,,,,,,,,,,,
1.70143E+12,5,2,1587,39,,,,,,,,,,,,,,,,,,,
1.70143E+12,5,2,1587,39,,,,,,,,,,,,,,,,,,,
1.70143E+12,5,2,1572,38,,,,,,,,,,,,,,,,,,,
1.70143E+12,5,2,1607,39,,,,,,,,,,,,,,,,,,,
1.70143E+12,5,2,1607,39,,,,,,,,,,,,,,,,,,,
1.70143E+12,5,2,1584,39,,,,,,,,,,,,,,,,,,,
1.70143E+12,5,2,1558,39,,,,,,,,,,,,,,,,,,,
1.70143E+12,5,2,1670,38,,,,,,,,,,,,,,,,,,,
1.70143E+12,5,2,1670,38,,,,,,,,,,,,,,,,,,,
1.70143E+12,5,2,1633,39,,,,,,,,,,,,,,,,,,,
1.70143E+12,5,2,1587,39,,,,,,,,,,,,,,,,,,,
1.70143E+12,5,2,1558,40,,,,,,,,,,,,,,,,,,,
1.70143E+12,5,2,1578,39,,,,,,,,,,,,,,,,,,,
1.70143E+12,5,2,1578,38,,,,,,,,,,,,,,,,,,,
1.70143E+12,5,2,1670,38,,,,,,,,,,,,,,,,,,,
1.70143E+12,5,2,1600,39,,,,,,,,,,,,,,,,,,,
1.70143E+12,5,2,1610,40,,,,,,,,,,,,,,,,,,,
1.70143E+12,5,2,1566,39,,,,,,,,,,,,,,,,,,,
1.70143E+12,5,2,1566,39,,,,,,,,,,,,,,,,,,,
1.70143E+12,5,2,1605,38,,,,,,,,,,,,,,,,,,,
1.70143E+12,5,2,1624,39,,,,,,,,,,,,,,,,,,,
1.70143E+12,5,2,1561,38,,,,,,,,,,,,,,,,,,,
1.70143E+12,5,2,1629,38,,,,,,,,,,,,,,,,,,,
1.70143E+12,5,2,1629,37,,,,,,,,,,,,,,,,,,,
1.70143E+12,5,2,1653,38,,,,,,,,,,,,,,,,,,,
1.70143E+12,5,2,1653,38,,,,,,,,,,,,,,,,,,,
1.70143E+12,5,2,1586,39,,,,,,,,,,,,,,,,,,,
1.70143E+12,5,2,1592,39,,,,,,,,,,,,,,,,,,,
1.70143E+12,5,2,1589,39,,,,,,,,,,,,,,,,,,,
1.70143E+12,5,2,1589,38,,,,,,,,,,,,,,,,,,,
1.70143E+12,5,2,1616,40,,,,,,,,,,,,,,,,,,,
1.70143E+12,5,2,1574,39,,,,,,,,,,,,,,,,,,,
1.70143E+12,5,2,1589,38,,,,,,,,,,,,,,,,,,,
1.70143E+12,5,2,1589,40,,,,,,,,,,,,,,,,,,,
1.70143E+12,5,2,1533,39,,,,,,,,,,,,,,,,,,,
1.70143E+12,5,2,1596,39,,,,,,,,,,,,,,,,,,,
1.70143E+12,5,2,1576,38,,,,,,,,,,,,,,,,,,,
1.70143E+12,5,2,1594,39,,,,,,,,,,,,,,,,,,,
1.70143E+12,5,2,1594,39,,,,,,,,,,,,,,,,,,,
1.70143E+12,5,2,1610,38,,,,,,,,,,,,,,,,,,,
1.70143E+12,5,2,1650,39,,,,,,,,,,,,,,,,,,,
1.70143E+12,5,2,1599,38,,,,,,,,,,,,,,,,,,,
1.70143E+12,5,2,1599,39,,,,,,,,,,,,,,,,,,,
1.70143E+12,5,2,1595,38,,,,,,,,,,,,,,,,,,,
1.70143E+12,5,2,1623,38,,,,,,,,,,,,,,,,,,,
1.70143E+12,5,2,1626,39,,,,,,,,,,,,,,,,,,,
1.70143E+12,5,2,1579,39,,,,,,,,,,,,,,,,,,,
1.70143E+12,5,2,1579,40,,,,,,,,,,,,,,,,,,,
1.70143E+12,5,2,1572,38,,,,,,,,,,,,,,,,,,,
1.70143E+12,5,2,1567,39,,,,,,,,,,,,,,,,,,,
1.70143E+12,5,2,1567,39,,,,,,,,,,,,,,,,,,,
1.70143E+12,5,2,1588,38,,,,,,,,,,,,,,,,,,,
1.70143E+12,5,2,1668,38,,,,,,,,,,,,,,,,,,,
1.70143E+12,5,2,1668,39,,,,,,,,,,,,,,,,,,,
1.70143E+12,5,2,1635,38,,,,,,,,,,,,,,,,,,,
1.70143E+12,5,2,1635,38,,,,,,,,,,,,,,,,,,,
1.70143E+12,5,2,1672,38,,,,,,,,,,,,,,,,,,,
1.70143E+12,5,2,1672,38,,,,,,,,,,,,,,,,,,,
1.70143E+12,5,2,1559,39,,,,,,,,,,,,,,,,,,,
1.70143E+12,5,2,1629,38,,,,,,,,,,,,,,,,,,,
1.70143E+12,5,2,1629,39,,,,,,,,,,,,,,,,,,,
1.70143E+12,5,2,1625,38,,,,,,,,,,,,,,,,,,,
1.70143E+12,5,2,1625,38,,,,,,,,,,,,,,,,,,,
1.70143E+12,5,2,1643,39,,,,,,,,,,,,,,,,,,,
1.70143E+12,5,2,1611,39,,,,,,,,,,,,,,,,,,,
1.70143E+12,5,2,1547,40,,,,,,,,,,,,,,,,,,,
1.70143E+12,5,2,1547,39,,,,,,,,,,,,,,,,,,,
1.70143E+12,5,2,1593,40,,,,,,,,,,,,,,,,,,,
1.70143E+12,5,2,1593,40,,,,,,,,,,,,,,,,,,,
1.70143E+12,5,2,1614,39,,,,,,,,,,,,,,,,,,,
1.70143E+12,5,2,1625,39,,,,,,,,,,,,,,,,,,,
1.70143E+12,5,2,1625,38,,,,,,,,,,,,,,,,,,,
1.70143E+12,5,2,1661,39,,,,,,,,,,,,,,,,,,,
1.70143E+12,5,2,1618,39,,,,,,,,,,,,,,,,,,,
1.70143E+12,5,2,1653,39,,,,,,,,,,,,,,,,,,,
1.70143E+12,5,2,1653,39,,,,,,,,,,,,,,,,,,,
1.70143E+12,5,2,1607,39,,,,,,,,,,,,,,,,,,,
1.70143E+12,5,2,1626,39,,,,,,,,,,,,,,,,,,,
1.70143E+12,5,2,1626,38,,,,,,,,,,,,,,,,,,,
1.70143E+12,5,2,1631,40,,,,,,,,,,,,,,,,,,,
1.70143E+12,5,2,1507,41,,,,,,,,,,,,,,,,,,,
1.70143E+12,5,2,1507,40,,,,,,,,,,,,,,,,,,,
1.70143E+12,5,2,1566,39,,,,,,,,,,,,,,,,,,,
1.70143E+12,5,2,1566,38,,,,,,,,,,,,,,,,,,,
1.70143E+12,5,2,1643,39,,,,,,,,,,,,,,,,,,,
1.70143E+12,5,2,1595,39,,,,,,,,,,,,,,,,,,,
1.70143E+12,5,2,1661,38,,,,,,,,,,,,,,,,,,,
1.70143E+12,5,2,1581,40,,,,,,,,,,,,,,,,,,,
1.70143E+12,5,2,1622,38,,,,,,,,,,,,,,,,,,,
1.70143E+12,5,2,1657,38,,,,,,,,,,,,,,,,,,,
1.70143E+12,5,2,1580,39,,,,,,,,,,,,,,,,,,,
1.70143E+12,5,2,1554,40,,,,,,,,,,,,,,,,,,,
1.70143E+12,5,2,1530,39,,,,,,,,,,,,,,,,,,,
1.70143E+12,5,2,1588,39,,,,,,,,,,,,,,,,,,,
1.70143E+12,5,2,1652,38,,,,,,,,,,,,,,,,,,,
1.70143E+12,5,2,1592,39,,,,,,,,,,,,,,,,,,,
1.70143E+12,5,2,1600,39,,,,,,,,,,,,,,,,,,,
1.70143E+12,5,2,1591,39,,,,,,,,,,,,,,,,,,,
1.70143E+12,5,2,1658,39,,,,,,,,,,,,,,,,,,,
1.70143E+12,6,2,,,,,,,,,12.6,,,,,,,,,,,,
1.70143E+12,6,2,,,,,,,,,12.5,,,,,,,,,,,,
1.70143E+12,6,2,,,,,,,,,8.8,,,,,,,,,,,,
